﻿<?xml version="1.0" encoding="utf-8"?>
<Sequence>
  <SetGlobalFilter />
  <ConfigureWindowManager DocWindowState="Maximized" />
  <ControlBars>
    <ControlBar ViewIdentifier="BuildConfigurationsExtended">
      <String Role="ArgName">ColumnFilters</String>
      <ColumnFilters Role="ArgValue" />
      <String Role="ArgName">ApplicableFilters</String>
      <StringNTuple Role="ArgValue" StringValues="" />
      <String Role="ArgName">IncludeChildren</String>
      <Int Role="ArgValue">1</Int>
      <String Role="ArgName">ExpansionState</String>
      <ExpansionState Role="ArgValue">
        <Node Index="1">
          <Node Index="0" />
        </Node>
      </ExpansionState>
    </ControlBar>
    <ControlBar ViewIdentifier="BusAccessRequests">
      <String Role="ArgName">ColumnFilters</String>
      <ColumnFilters Role="ArgValue" />
      <String Role="ArgName">ApplicableFilters</String>
      <StringNTuple Role="ArgValue" StringValues="" />
      <String Role="ArgName">IncludeChildren</String>
      <Int Role="ArgValue">1</Int>
      <String Role="ArgName">ExpansionState</String>
      <ExpansionState Role="ArgValue" />
    </ControlBar>
    <ControlBar ViewIdentifier="BusBrowser">
      <String Role="ArgName">ComMatrix</String>
      <CreateExtendedDictionaryStringToObject Role="ArgValue">
        <String Role="ArgName">Hierarchy</String>
        <StringNTuple Role="ArgValue" StringValues="Hierarchy,BusManager,ComMatrix,-&gt;NetworkTopology" />
        <String Role="ArgName">Columns</String>
        <StringNTuple Role="ArgValue" StringValues="Columns,ComMatrix,ByClusters" />
        <String Role="ArgName">ColumnFilters</String>
        <ColumnFilters Role="ArgValue" />
        <String Role="ArgName">ApplicableFilters</String>
        <StringNTuple Role="ArgValue" StringValues="" />
        <String Role="ArgName">IncludeChildren</String>
        <Int Role="ArgValue">1</Int>
        <String Role="ArgName">ExpansionState</String>
        <ExpansionState Role="ArgValue" />
      </CreateExtendedDictionaryStringToObject>
    </ControlBar>
    <ControlBar ViewIdentifier="BusConfigurationPorts">
      <String Role="ArgName">ColumnFilters</String>
      <ColumnFilters Role="ArgValue" />
      <String Role="ArgName">ApplicableFilters</String>
      <StringNTuple Role="ArgValue" StringValues="" />
      <String Role="ArgName">IncludeChildren</String>
      <Int Role="ArgValue">1</Int>
      <String Role="ArgName">ExpansionState</String>
      <ExpansionState Role="ArgValue" />
    </ControlBar>
    <ControlBar ViewIdentifier="BusConfigurations">
      <String Role="ArgName">ColumnFilters</String>
      <ColumnFilters Role="ArgValue" />
      <String Role="ArgName">ApplicableFilters</String>
      <StringNTuple Role="ArgValue" StringValues="" />
      <String Role="ArgName">IncludeChildren</String>
      <Int Role="ArgValue">1</Int>
      <String Role="ArgName">ExpansionState</String>
      <ExpansionState Role="ArgValue" />
    </ControlBar>
    <ControlBar ViewIdentifier="BusInspectionFeatures">
      <String Role="ArgName">BusFeaturesInspection</String>
      <CreateExtendedDictionaryStringToObject Role="ArgValue">
        <String Role="ArgName">Hierarchy</String>
        <StringNTuple Role="ArgValue" StringValues="Hierarchy,BusManager,SelectedBusConfiguration,BusFeaturesInspection,-&gt;PduTopology" />
        <String Role="ArgName">Columns</String>
        <StringNTuple Role="ArgValue" StringValues="Columns,BusConfiguration,BusFeaturesInspection,-&gt;PduTopology" />
        <String Role="ArgName">ColumnFilters</String>
        <ColumnFilters Role="ArgValue" />
        <String Role="ArgName">ApplicableFilters</String>
        <StringNTuple Role="ArgValue" StringValues="" />
        <String Role="ArgName">IncludeChildren</String>
        <Int Role="ArgValue">1</Int>
        <String Role="ArgName">ExpansionState</String>
        <ExpansionState Role="ArgValue" />
      </CreateExtendedDictionaryStringToObject>
    </ControlBar>
    <ControlBar ViewIdentifier="BusManipulationFeatures">
      <String Role="ArgName">BusFeaturesManipulation</String>
      <CreateExtendedDictionaryStringToObject Role="ArgValue">
        <String Role="ArgName">Hierarchy</String>
        <StringNTuple Role="ArgValue" StringValues="Hierarchy,BusManager,SelectedBusConfiguration,BusFeaturesManipulation,-&gt;PduTopology" />
        <String Role="ArgName">Columns</String>
        <StringNTuple Role="ArgValue" StringValues="Columns,BusConfiguration,BusFeaturesManipulation,-&gt;PduTopology" />
        <String Role="ArgName">ColumnFilters</String>
        <ColumnFilters Role="ArgValue" />
        <String Role="ArgName">ApplicableFilters</String>
        <StringNTuple Role="ArgValue" StringValues="" />
        <String Role="ArgName">IncludeChildren</String>
        <Int Role="ArgValue">1</Int>
        <String Role="ArgName">ExpansionState</String>
        <ExpansionState Role="ArgValue" />
      </CreateExtendedDictionaryStringToObject>
    </ControlBar>
    <ControlBar ViewIdentifier="BusSimulationFeatures">
      <String Role="ArgName">BusFeaturesSimulation</String>
      <CreateExtendedDictionaryStringToObject Role="ArgValue">
        <String Role="ArgName">Hierarchy</String>
        <StringNTuple Role="ArgValue" StringValues="Hierarchy,BusManager,SelectedBusConfiguration,BusFeaturesSimulation,-&gt;PduTopology" />
        <String Role="ArgName">Columns</String>
        <StringNTuple Role="ArgValue" StringValues="Columns,BusConfiguration,BusFeaturesSimulation,-&gt;PduTopology" />
        <String Role="ArgName">ColumnFilters</String>
        <ColumnFilters Role="ArgValue" />
        <String Role="ArgName">ApplicableFilters</String>
        <StringNTuple Role="ArgValue" StringValues="" />
        <String Role="ArgName">IncludeChildren</String>
        <Int Role="ArgValue">1</Int>
        <String Role="ArgName">ExpansionState</String>
        <ExpansionState Role="ArgValue" />
      </CreateExtendedDictionaryStringToObject>
    </ControlBar>
    <ControlBar ViewIdentifier="DeviceBrowserExtended">
      <String Role="ArgName">ColumnFilters</String>
      <ColumnFilters Role="ArgValue" />
      <String Role="ArgName">ApplicableFilters</String>
      <StringNTuple Role="ArgValue" StringValues="" />
      <String Role="ArgName">IncludeChildren</String>
      <Int Role="ArgValue">1</Int>
      <String Role="ArgName">ExpansionState</String>
      <ExpansionState Role="ArgValue" />
    </ControlBar>
    <ControlBar ViewIdentifier="ExecutableApplication">
      <String Role="ArgName">ColumnFilters</String>
      <ColumnFilters Role="ArgValue" />
      <String Role="ArgName">ApplicableFilters</String>
      <StringNTuple Role="ArgValue" StringValues="" />
      <String Role="ArgName">IncludeChildren</String>
      <Int Role="ArgValue">1</Int>
      <String Role="ArgName">ExpansionState</String>
      <ExpansionState Role="ArgValue">
        <Node Index="0" />
      </ExpansionState>
    </ControlBar>
    <ControlBar ViewIdentifier="ExternalDeviceConnectors">
      <String Role="ArgName">ColumnFilters</String>
      <ColumnFilters Role="ArgValue" />
      <String Role="ArgName">ApplicableFilters</String>
      <StringNTuple Role="ArgValue" StringValues="" />
      <String Role="ArgName">IncludeChildren</String>
      <Int Role="ArgValue">1</Int>
      <String Role="ArgName">ExpansionState</String>
      <ExpansionState Role="ArgValue" />
    </ControlBar>
    <ControlBar ViewIdentifier="ExternalDevices">
      <String Role="ArgName">ColumnFilters</String>
      <ColumnFilters Role="ArgValue" />
      <String Role="ArgName">ApplicableFilters</String>
      <StringNTuple Role="ArgValue" StringValues="" />
      <String Role="ArgName">IncludeChildren</String>
      <Int Role="ArgValue">1</Int>
      <String Role="ArgName">ExpansionState</String>
      <ExpansionState Role="ArgValue" />
    </ControlBar>
    <ControlBar ViewIdentifier="ExternalWiringFlat">
      <String Role="ArgName">ColumnFilters</String>
      <ColumnFilters Role="ArgValue" />
      <String Role="ArgName">ApplicableFilters</String>
      <StringNTuple Role="ArgValue" StringValues="" />
      <String Role="ArgName">IncludeChildren</String>
      <Int Role="ArgValue">1</Int>
      <String Role="ArgName">ExpansionState</String>
      <ExpansionState Role="ArgValue" />
    </ControlBar>
    <ControlBar ViewIdentifier="Functions">
      <String Role="ArgName">ColumnFilters</String>
      <ColumnFilters Role="ArgValue" />
      <String Role="ArgName">ApplicableFilters</String>
      <StringNTuple Role="ArgValue" StringValues="SupportedByHardwareFilter" />
      <String Role="ArgName">IncludeChildren</String>
      <Int Role="ArgValue">1</Int>
      <String Role="ArgName">ExpansionState</String>
      <ExpansionState Role="ArgValue">
        <Node Index="0">
          <Node Index="0">
            <Node Index="0" />
            <Node Index="1" />
            <Node Index="2" />
            <Node Index="3" />
          </Node>
        </Node>
      </ExpansionState>
    </ControlBar>
    <ControlBar ViewIdentifier="HardwareResources">
      <String Role="ArgName">ColumnFilters</String>
      <ColumnFilters Role="ArgValue" />
      <String Role="ArgName">ApplicableFilters</String>
      <StringNTuple Role="ArgValue" StringValues="" />
      <String Role="ArgName">IncludeChildren</String>
      <Int Role="ArgValue">1</Int>
      <String Role="ArgName">ExpansionState</String>
      <ExpansionState Role="ArgValue">
        <Node Index="0" />
      </ExpansionState>
    </ControlBar>
    <ControlBar ViewIdentifier="ModelCommunication">
      <CreateWindow CreatorName="ColumnSchematicModelCommunicationBrowser">
        <String Role="ArgName">OpenMode</String>
        <StringNTuple Role="ArgValue" StringValues="Browser" />
        <String Role="ArgName">ViewElement</String>
        <WorkingView Role="ArgValue" Transactioned="True">
          <StringNTuple Role="Hierarchy">
            <String Role="String"><![CDATA[Global]]></String>
          </StringNTuple>
        </WorkingView>
        <String Role="ArgName">ErrorStatus</String>
        <StringNTuple Role="ArgValue" StringValues="ErrorStatus,GeneralConfiguration" />
        <String Role="ArgName">ApplicableFilters</String>
        <StringNTuple Role="ArgValue" StringValues="MappablePortsFilter" />
        <String Role="ArgName">FitToWidthMode</String>
        <Int Role="ArgValue">1</Int>
        <String Role="ArgName">ExpansionStatus</String>
        <ExpansionStatus Role="ArgValue" />
        <String Role="ArgName">TotalWidthPercent</String>
        <String Role="ArgValue">1</String>
        <String Role="ArgName">ColumnVisibleStatus</String>
        <ColumnVisibleStatus Role="ArgValue">
          <Item Role="Column" ColumnNr="0" Visible="True" WidthPercent="0.5" />
          <Item Role="Column" ColumnNr="1" Visible="True" WidthPercent="0.5" />
        </ColumnVisibleStatus>
        <String Role="ArgName">History</String>
        <History Role="ArgValue" />
      </CreateWindow>
    </ControlBar>
    <ControlBar ViewIdentifier="ModelCommunicationPackage">
      <String Role="ArgName">ColumnFilters</String>
      <ColumnFilters Role="ArgValue" />
      <String Role="ArgName">ApplicableFilters</String>
      <StringNTuple Role="ArgValue" StringValues="" />
      <String Role="ArgName">IncludeChildren</String>
      <Int Role="ArgValue">1</Int>
      <String Role="ArgName">ExpansionState</String>
      <ExpansionState Role="ArgValue" />
    </ControlBar>
    <ControlBar ViewIdentifier="Models">
      <String Role="ArgName">ColumnFilters</String>
      <ColumnFilters Role="ArgValue" />
      <String Role="ArgName">ApplicableFilters</String>
      <StringNTuple Role="ArgValue" StringValues="" />
      <String Role="ArgName">IncludeChildren</String>
      <Int Role="ArgValue">1</Int>
      <String Role="ArgName">ExpansionState</String>
      <ExpansionState Role="ArgValue">
        <Node Index="0">
          <Node Index="0">
            <Node Index="0" />
            <Node Index="1" />
          </Node>
          <Node Index="1">
            <Node Index="0" />
            <Node Index="1" />
            <Node Index="2" />
            <Node Index="3" />
            <Node Index="4" />
          </Node>
        </Node>
      </ExpansionState>
    </ControlBar>
    <ControlBar ViewIdentifier="ModelTreeViewsParent">
      <String Role="ArgName">AssignedTreeView</String>
      <CreateExtendedDictionaryStringToObject Role="ArgValue">
        <String Role="ArgName">ColumnFilters</String>
        <ColumnFilters Role="ArgValue" />
        <String Role="ArgName">ApplicableFilters</String>
        <StringNTuple Role="ArgValue" StringValues="" />
        <String Role="ArgName">IncludeChildren</String>
        <Int Role="ArgValue">1</Int>
        <String Role="ArgName">ExpansionState</String>
        <ExpansionState Role="ArgValue">
          <Node Index="0">
            <Node Index="0">
              <Node Index="0" />
              <Node Index="1" />
            </Node>
            <Node Index="1">
              <Node Index="0" />
              <Node Index="1" />
              <Node Index="2" />
              <Node Index="3" />
              <Node Index="4" />
            </Node>
          </Node>
        </ExpansionState>
      </CreateExtendedDictionaryStringToObject>
      <String Role="ArgName">UnassignedTreeView</String>
      <CreateExtendedDictionaryStringToObject Role="ArgValue">
        <String Role="ArgName">ColumnFilters</String>
        <ColumnFilters Role="ArgValue" />
        <String Role="ArgName">ApplicableFilters</String>
        <StringNTuple Role="ArgValue" StringValues="" />
        <String Role="ArgName">IncludeChildren</String>
        <Int Role="ArgValue">1</Int>
        <String Role="ArgName">ExpansionState</String>
        <ExpansionState Role="ArgValue" />
      </CreateExtendedDictionaryStringToObject>
    </ControlBar>
    <ControlBar ViewIdentifier="ProcessingResourceAssignment">
      <String Role="ArgName">ColumnFilters</String>
      <ColumnFilters Role="ArgValue" />
      <String Role="ArgName">ApplicableFilters</String>
      <StringNTuple Role="ArgValue" StringValues="" />
      <String Role="ArgName">IncludeChildren</String>
      <Int Role="ArgValue">1</Int>
      <String Role="ArgName">ExpansionState</String>
      <ExpansionState Role="ArgValue">
        <Node Index="0">
          <Node Index="0" />
        </Node>
      </ExpansionState>
    </ControlBar>
    <ControlBar ViewIdentifier="SignalChain">
      <CreateWindow CreatorName="ColumnSchematicBrowser">
        <String Role="ArgName">OpenMode</String>
        <StringNTuple Role="ArgValue" StringValues="Browser" />
        <String Role="ArgName">ViewElement</String>
        <WorkingView Role="ArgValue" Transactioned="True">
          <StringNTuple Role="Hierarchy">
            <String Role="String"><![CDATA[Global]]></String>
          </StringNTuple>
        </WorkingView>
        <String Role="ArgName">ErrorStatus</String>
        <StringNTuple Role="ArgValue" StringValues="ErrorStatus,GeneralConfiguration" />
        <String Role="ArgName">ApplicableFilters</String>
        <StringNTuple Role="ArgValue" StringValues="MappablePortsFilter" />
        <String Role="ArgName">FitToWidthMode</String>
        <Int Role="ArgValue">1</Int>
        <String Role="ArgName">ExpansionStatus</String>
        <ExpansionStatus Role="ArgValue">
          <Item Role="Block" OrderingID="10" Expanded="0" />
          <Item Role="Block" OrderingID="10r0" Expanded="0" />
          <Item Role="Block" OrderingID="10l0" Expanded="0" />
          <Item Role="Block" OrderingID="10l1" Expanded="0" />
          <Item Role="Block" OrderingID="11" Expanded="0" />
          <Item Role="Block" OrderingID="11r0" Expanded="0" />
          <Item Role="Block" OrderingID="11l0" Expanded="0" />
          <Item Role="Block" OrderingID="11l1" Expanded="0" />
          <Item Role="Block" OrderingID="12" Expanded="0" />
          <Item Role="Block" OrderingID="12r0" Expanded="0" />
          <Item Role="Block" OrderingID="12l0" Expanded="0" />
          <Item Role="Block" OrderingID="12l1" Expanded="0" />
          <Item Role="Block" OrderingID="13" Expanded="0" />
          <Item Role="Block" OrderingID="13r0" Expanded="0" />
          <Item Role="Block" OrderingID="13l0" Expanded="0" />
          <Item Role="Block" OrderingID="13l1" Expanded="0" />
          <Item Role="Block" OrderingID="14" Expanded="0" />
          <Item Role="Block" OrderingID="14r0" Expanded="0" />
          <Item Role="Block" OrderingID="14l0" Expanded="0" />
          <Item Role="Block" OrderingID="14l1" Expanded="0" />
          <Item Role="Block" OrderingID="15" Expanded="0" />
          <Item Role="Block" OrderingID="15r0" Expanded="0" />
          <Item Role="Block" OrderingID="15l0" Expanded="0" />
          <Item Role="Block" OrderingID="15l1" Expanded="0" />
          <Item Role="Block" OrderingID="16" Expanded="0" />
          <Item Role="Block" OrderingID="16r0" Expanded="0" />
          <Item Role="Block" OrderingID="16l0" Expanded="0" />
          <Item Role="Block" OrderingID="16l1" Expanded="0" />
          <Item Role="Block" OrderingID="20" Expanded="0" />
          <Item Role="Block" OrderingID="21" Expanded="0" />
          <Item Role="Block" OrderingID="22" Expanded="0" />
          <Item Role="Block" OrderingID="23" Expanded="0" />
          <Item Role="Block" OrderingID="24" Expanded="0" />
          <Item Role="Block" OrderingID="25" Expanded="0" />
          <Item Role="Block" OrderingID="26" Expanded="0" />
        </ExpansionStatus>
        <String Role="ArgName">TotalWidthPercent</String>
        <String Role="ArgValue">1</String>
        <String Role="ArgName">ColumnVisibleStatus</String>
        <ColumnVisibleStatus Role="ArgValue">
          <Item Role="Column" ColumnNr="0" Visible="True" WidthPercent="0.33273542" />
          <Item Role="Column" ColumnNr="1" Visible="True" WidthPercent="0.33273542" />
          <Item Role="Column" ColumnNr="2" Visible="True" WidthPercent="0.33452916" />
        </ColumnVisibleStatus>
        <String Role="ArgName">History</String>
        <History Role="ArgValue" />
      </CreateWindow>
    </ControlBar>
    <ControlBar ViewIdentifier="TaskConfiguration">
      <String Role="ArgName">ColumnFilters</String>
      <ColumnFilters Role="ArgValue" />
      <String Role="ArgName">ApplicableFilters</String>
      <StringNTuple Role="ArgValue" StringValues="" />
      <String Role="ArgName">IncludeChildren</String>
      <Int Role="ArgValue">1</Int>
      <String Role="ArgName">ExpansionState</String>
      <ExpansionState Role="ArgValue">
        <Node Index="0" />
      </ExpansionState>
    </ControlBar>
    <ControlBar ViewIdentifier="WorkingViewsBrowser">
      <String Role="ArgName">ColumnFilters</String>
      <ColumnFilters Role="ArgValue" />
      <String Role="ArgName">ApplicableFilters</String>
      <StringNTuple Role="ArgValue" StringValues="" />
      <String Role="ArgName">IncludeChildren</String>
      <Int Role="ArgValue">1</Int>
      <String Role="ArgName">ExpansionState</String>
      <ExpansionState Role="ArgValue" />
    </ControlBar>
  </ControlBars>
</Sequence>